<?xml version="1.0" encoding="utf-8" ?>
<dwsync>
<file name="conexao.php" server="C:/xampp/htdocs/Vinicius/" local="131483304895536837" remote="131483304890000000" Dst="0" />
<file name="cabecalho.php" server="C:/xampp/htdocs/Vinicius/" local="131483317650925485" remote="131483317650000000" Dst="0" />
<file name="index.php" server="C:/xampp/htdocs/Vinicius/" local="131479186000000000" remote="131479186000000000" Dst="0" />
<file name="inserirCadastro.php" server="C:/xampp/htdocs/Vinicius/" local="131483313390965062" remote="131483313390000000" Dst="0" />
<file name="cadastrarCliente.php" server="C:/xampp/htdocs/Vinicius/" local="131483213099495383" remote="131483213090000000" Dst="0" />
<file name="validacao.php" server="C:/xampp/htdocs/Vinicius/" local="131483316574456090" remote="131483316570000000" Dst="0" />
<file name="login.php" server="C:/xampp/htdocs/Vinicius/" local="131483308365125104" remote="131483308360000000" Dst="0" />
<file name="insere.php" server="C:/xampp/htdocs/Vinicius/" local="131472996780000000" remote="131472996780000000" Dst="0" />
<file name="cadastro.php" server="C:/xampp/htdocs/Vinicius/" local="131473007260000000" remote="131473007260000000" Dst="0" />
<file name="logout.php" server="C:/xampp/htdocs/Vinicius/" local="131472890720000000" remote="131472890720000000" Dst="1" />
<file name="insereProduto.php" server="C:/xampp/htdocs/Vinicius/" local="131481608696586588" remote="131481608690000000" Dst="0" />
<file name="cadastrarProduto.php" server="C:/xampp/htdocs/Vinicius/" local="131481767510869027" remote="131481767510000000" Dst="0" />
<file name="quadroClientes.php" server="C:/xampp/htdocs/Vinicius/" local="131482451276788117" remote="131482451270000000" Dst="0" />
<file name="perfilCliente.php" server="C:/xampp/htdocs/Vinicius/" local="131483249932383085" remote="131483249930000000" Dst="0" />
<file name="lista_dados.php" server="C:/xampp/htdocs/Vinicius/" local="131472973540000000" remote="131472973540000000" Dst="0" />
</dwsync>